{
  "accuracy": 0.9994733330992591,
  "f1": 0.845360824742268,
  "precision": 0.8541666666666666,
  "recall": 0.8367346938775511,
  "val_f1": 0.8,
  "val_accuracy": 0.9993328885923949
}